day,room_code,start_time,end_time,subject_code,subject_title,section,instructor_name
Monday,CEA300,7:30:00,12:30:00,CMPE 364,Web and Mobile Systems,BSCPE 3-6,Engr. Canlas
Monday,CEA300,12:30:00,14:30:00,CMPE 361,Enterprise Networking,BSCPE 1-1P,Engr. Binuya
Monday,CEA300,15:00:00,18:00:00,CMPE 310,Computer Networks,BSCPE 3-4,Engr. Reyes
Monday,CEA300,18:00:00,21:00:00,CMPE 309,Feedback and Control Systems,BSCPE 3-4,Engr. Dela Cruz
Monday,CEA316,10:30:00,13:30:00,ECEN 011,Electronic Circuits,BSCPE 2-6,Engr. Natividad
Monday,CEA316,13:30:00,16:30:00,ECEN 011,Electronic Circuits,BSCPE 2-1,Engr. Natividad
Monday,CEA316,18:00:00,21:00:00,CMPE 105,Computer Hardware,BSCPE 1-5,Engr. Avila
Monday,CEA315,7:30:00,10:30:00,CMPE 311,Microprocessors,BSCPE 3-5,Engr. Cansino
Monday,CEA315,10:30:00,13:30:00,CMPE 311,Microprocessors,BSCPE 3-7,Engr. Cansino
Monday,CEA315,14:30:00,16:30:00,CMPE 461,Cloud Computing,BSCPE 4-5,Engr. Pajabera
Monday,CEA315,18:00:00,21:00:00,CMPE 461,Cloud Computing,BSCPE 4-5,Engr. Pajabera
Monday,CEA314,7:30:00,10:30:00,CMPE 203,Numerical Methods,BSCPE 2-6,Engr. Lacatan
Monday,CEA314,10:30:00,13:30:00,CMPE 203,Numerical Methods,BSCPE 2-1,Engr. Bautista
Monday,CEA314,13:30:00,16:00:00,CMPE 204,Advanced Math,BSCPE 2-4,Engr. Rodriguez
Monday,CEA314,16:00:00,18:00:00,CMPE 462,Neural Networks,BSCPE 4-1,Engr. Malbog
Monday,CEA314,18:00:00,21:00:00,CMPE 462,Neural Networks,BSCPE 4-1,Engr. Malbog
Monday,CEA313,7:30:00,10:30:00,CMPE 011,Computer Programming,BSCE 1-1,Engr. Racusa
Monday,CEA313,10:30:00,13:30:00,CMPE 011,Computer Programming,BSCE 1-2,Engr. Racusa
Monday,CEA313,13:30:00,16:30:00,CMPE 105,Computer Hardware,BSCPE 1-1,Engr. Tancinco
Monday,CEA313,18:00:00,21:00:00,CMPE 105,Computer Hardware,BSCPE 1-7,Engr. Tancinco
Monday,CEA312,7:30:00,10:30:00,CMPE 310,Computer Networks,BSCPE 3-7,Engr. Binuya
Monday,CEA312,10:30:00,13:30:00,ENSC 411,Technopreneurship 101,BSCPE 3-3,Engr. Tena
Monday,CEA312,15:00:00,18:00:00,CMPE 311,Microprocessors,BSCPE 3-2,Engr. Bautista
Monday,CEA312,18:00:00,21:00:00,CMPE 104,Discrete Math,BSCPE 1-3,Engr. Ello
Monday,CEA311,7:30:00,10:30:00,CMPE 311,Microprocessors,BSCPE 3-3,Engr. Mahaguay
Monday,CEA311,10:30:00,13:30:00,CMPE 311,Microprocessors,BSCPE 3-4,Engr. Mahaguay
Monday,CEA311,13:30:00,16:30:00,CMPE 011,Computer Programming,BSCE 1-3,Engr. Nicolas
Monday,CEA311,18:00:00,21:00:00,CMPE 012,Computer Programming,BSEE 1-4,Engr. Bautista
Monday,CEA310,10:30:00,13:30:00,ENSC 029,Technopreneurship 101,BSREM 3-1,Engr. Reyes
Monday,CEA310,14:30:00,19:30:00,CMPE 014,Microprocessors,BSEE 3-2,Engr. Racusa
Monday,CEA413,10:30:00,13:30:00,CMPE 307,Basic Occupational Health and Safety,BSCPE 3-5,Engr. Nudalo
Monday,CEA413,13:30:00,16:30:00,ENSC 029,Technopreneurship 101,BSREM 3-2,Engr. Tena
Monday,CEA413,18:00:00,21:00:00,ENSC 411,Technopreneurship 101,BSCPE 3-2,Engr. Tena
Tuesday,CEA302,7:30:00,10:30:00,GEED 002,Philippine History,BSCPE 2-1,TBA
Tuesday,CEA302,10:30:00,13:30:00,CMPE 409,Embedded Systems,BSCPE 4-2,Engr. Marasigan
Tuesday,CEA302,15:00:00,18:00:00,CMPE 204,Advanced Math,BSCPE 2-5,Engr. Bautista
Tuesday,CEA302,18:00:00,21:00:00,ECEN 011,Electronic Circuits,BSCPE 2-5,Engr. Fernando
Tuesday,CEA300,7:30:00,12:00:00,CMPE 364,Web and Mobile Systems,BSCPE 3-7,Engr. Canlas
Tuesday,CEA300,12:00:00,15:00:00,CMPE 309,Feedback and Control Systems,BSCPE 3-3,Engr. Rodriguez
Tuesday,CEA300,15:00:00,18:00:00,CMPE 406,Software Design,BSCPE 4-6,Engr. Lorico
Tuesday,CEA300,18:00:00,21:00:00,CMPE 410,Emerging Technologies,BSCPE 4-1,Engr. Artificio
Tuesday,CEA316,7:30:00,10:30:00,GEED 003,Contemporary World,BSCPE 2-2,TBA
Tuesday,CEA316,10:30:00,13:30:00,CMPE 406,Software Design,BSCPE 4-1,Engr. Tena
Tuesday,CEA316,13:30:00,16:30:00,ECEN 011,Electronic Circuits,BSCPE 2-7,Engr. Natividad
Tuesday,CEA316,18:00:00,21:00:00,ECEN 011,Electronic Circuits,BSCPE 2-3,Engr. Natividad
Tuesday,CEA315,7:30:00,10:30:00,CMPE 103,Object Oriented Programming,BSCPE 1-3,Engr. Avena
Tuesday,CEA315,10:30:00,13:30:00,CMPE 103,Object Oriented Programming,BSCPE 1-3,Engr. Avena
Tuesday,CEA315,15:00:00,18:00:00,CMPE 406,Software Design,BSCPE 4-2,Engr. Tena
Tuesday,CEA315,18:00:00,21:00:00,CMPE 204,Advanced Math,BSCPE 1-1P,Engr. Bautista
Tuesday,CEA314,7:30:00,10:30:00,CMPE 103,Object Oriented Programming,BSCPE 1-3,Engr. Avena
Tuesday,CEA314,10:30:00,13:30:00,CMPE 103,Object Oriented Programming,BSCPE 1-3,Engr. Avena
Tuesday,CEA314,15:00:00,18:00:00,CMPE 406,Software Design,BSCPE 4-2,Engr. Tena
Tuesday,CEA314,18:00:00,21:00:00,CMPE 204,Advanced Math,BSCPE 1-1P,Engr. Bautista
Tuesday,CEA313,7:30:00,10:30:00,CMPE 310,Computer Networks,BSCPE 3-5,Engr. Pajabera
Tuesday,CEA313,11:00:00,13:00:00,CMPE 361,Enterprise Networking,BSCPE 3-4,Engr. Pajabera
Tuesday,CEA313,13:00:00,15:00:00,CMPE 308,CPE Laws,BSCPE 3-4,Engr. Casuat
Tuesday,CEA313,15:00:00,18:00:00,CMPE 204,Advanced Math,BSCPE 2-3,Engr. Rodriguez
Tuesday,CEA313,18:00:00,21:00:00,CMPE 309,Feedback and Control Systems,BSCPE 3-2,Engr. Dela Cruz
Tuesday,CEA312,7:30:00,10:30:00,CMPE 104,Discrete Math,BSCPE 1-6,Engr. Lacatan
Tuesday,CEA312,11:00:00,14:00:00,CMPE 406,Software Design,BSCPE 4-3,Engr. Lorico
Tuesday,CEA312,14:30:00,16:30:00,CMPE 361,Enterprise Networking,BSCPE 3-3,Engr. Binuya
Tuesday,CEA312,18:00:00,21:00:00,CMPE 361,Enterprise Networking,BSCPE 3-3,Engr. Binuya
Tuesday,CEA311,7:30:00,10:30:00,CMPE 011,Computer Programming,BSCE 1-6,Engr. Rodriguez
Tuesday,CEA311,10:30:00,13:30:00,CMPE 011,Computer Programming,BSCE 1-5,Engr. Bautista
Tuesday,CEA311,13:30:00,16:30:00,CMPE 011,Computer Programming,BSCE 1-7,Engr. Avila
Tuesday,CEA311,16:30:00,19:30:00,CMPE 011,Computer Programming,BSCE 1-9,Engr. Avila
Tuesday,CEA310,7:30:00,10:30:00,CMPE 310,Computer Networks,BSCPE 3-1,Engr. Binuya
Tuesday,CEA310,10:30:00,13:30:00,CMPE 307,Basic Occupational Health and Safety,BSCPE 3-1,TBA
Tuesday,CEA310,13:30:00,15:00:00,GEED 002,Philippine History,BSCPE 2-6,TBA
Tuesday,CEA310,15:00:00,18:00:00,CMPE 410,Emerging Technologies,BSCPE 4-4,Engr. Artificio
Tuesday,CEA310,18:00:00,21:00:00,CMPE 409,Embedded Systems,BSCPE 4-4,Engr. Malbog
Tuesday,CEA413,7:30:00,10:30:00,GEED 002,Philippine History,BSCPE 2-4,TBA
Tuesday,CEA413,10:30:00,13:30:00,GEED 003,Contemporary World,BSCPE 2-1,TBA
Tuesday,CEA413,14:30:00,16:30:00,CMPE 308,CPE Laws,BSCPE 3-2,Engr. Nicolas
Tuesday,CEA413,18:00:00,21:00:00,MATH 103,Calculus 2,BSCPE 1-4,TBA
Wednesday,CEA300,7:30:00,10:30:00,CMPE 310,Computer Networks,BSCPE 3-7,Engr. Binuya
Wednesday,CEA300,10:30:00,15:00:00,CMPE 40213,Software Process and Product Quality,BSCPE 4-3P,Engr. Lorico
Wednesday,CEA300,15:00:00,18:00:00,CMPE 410,Emerging Technologies,BSCPE 4-6,Engr. Artificio
Wednesday,CEA300,18:00:00,21:00:00,CMPE 363,Big Data,BSCPE 3-2,Engr. Artificio
Wednesday,CEA316,7:30:00,10:30:00,GEED 008,Ethics,BSCPE 4-1,TBA
Wednesday,CEA316,10:30:00,13:30:00,ECEN 011,Electronic Circuits,BSCPE 2-6,Engr. Natividad
Wednesday,CEA316,13:30:00,16:30:00,ECEN 011,Electronic Circuits,BSCPE 2-1,Engr. Natividad
Wednesday,CEA316,18:00:00,21:00:00,CMPE 105,Computer Hardware,BSCPE 1-4,Engr. Tancinco
Wednesday,CEA315,7:30:00,10:30:00,CMPE 311,Microprocessors,BSCPE 3-5,Engr. Cansino
Wednesday,CEA315,10:30:00,13:30:00,CMPE 311,Microprocessors,BSCPE 3-7,Engr. Cansino
Wednesday,CEA315,15:00:00,18:00:00,CMPE 311,Microprocessors,BSCPE 3-1,Engr. Marasigan
Wednesday,CEA315,18:00:00,21:00:00,CMPE 409,Embedded Systems,BSCPE 4-6,Engr. Malbog
Wednesday,CEA314,7:30:00,10:30:00,CMPE 203,Numerical Methods,BSCPE 2-3,Engr. Lacatan
Wednesday,CEA314,10:30:00,13:30:00,CMPE 409,Embedded Systems,BSCPE 4-5,Engr. Racusa
Wednesday,CEA314,14:00:00,16:00:00,CMPE 308,CPE Laws,BSCPE 3-5,Engr. Tena
Wednesday,CEA314,16:00:00,21:00:00,CMPE 40213,Software Process and Product Quality,BSCOE 4-1P,Engr. Lorico
Wednesday,CEA313,7:30:00,10:30:00,CMPE 202,Operating Systems,BSCPE 2-2,Engr. Tenerife
Wednesday,CEA313,10:30:00,13:30:00,CMPE 202,Operating Systems,BSCPE 2-3,Engr. Tenerife
Wednesday,CEA313,15:00:00,18:00:00,CMPE 311,Microprocessors,BSCPE 3-2,Engr. Bautista
Wednesday,CEA313,18:00:00,21:00:00,CMPE 104,Discrete Math,BSCPE 1-1,Engr. Bautista
Wednesday,CEA312,7:30:00,10:30:00,ENSC 121,Computer Aided Drafting,BSCPE 2-6,TBA
Wednesday,CEA312,11:30:00,14:30:00,CMPE 311,Microprocessors,BSCPE 3-1,Engr. Marasigan
Wednesday,CEA312,15:00:00,18:00:00,CMPE 310,Computer Networks,BSCPE 3-6,Engr. Reyes
Wednesday,CEA312,18:00:00,21:00:00,CMPE 310,Computer Networks,BSCPE 3-6,Engr. Reyes
Wednesday,CEA311,7:30:00,10:30:00,CMPE 011,Computer Programming,BSCE 1-8,Engr. Nicolas
Wednesday,CEA311,10:30:00,13:30:00,CMPE 012,Computer Programming,BSEE 1-1,Engr. Rodriguez
Wednesday,CEA311,14:30:00,17:30:00,CMPE 012,Computer Programming,BSEE 1-2,Engr. Avila
Wednesday,CEA311,18:00:00,21:00:00,CMPE 309,Feedback and Control Systems,BSCPE 3-1,Engr. Dela Cruz
Wednesday,CEA310,7:30:00,10:30:00,CMPE 012,Computer Programming,BSEE 1-1,Engr. Rodriguez
Wednesday,CEA310,10:30:00,13:30:00,CMPE 204,Advanced Math,BSCPE 2-1,Engr. Bautista
Wednesday,CEA310,13:30:00,16:30:00,CMPE 105,Computer Hardware,BSCPE 1-1,Engr. Tancinco
Wednesday,CEA310,18:00:00,21:00:00,CMPE 104,Discrete Math,BSCPE 1-7,Engr. Ello
Wednesday,CEA413,10:30:00,13:30:00,CMPE 312,Methods Of Research,BSCPE 3-5,Engr. Reyes
Wednesday,CEA413,13:30:00,16:30:00,STAT 012,Engineering Data Analysis,BSCPE 1-4,TBA
Wednesday,CEA207,7:30:00,10:30:00,GEED 003,Contemporary World,BSCPE 2-5,TBA
Wednesday,CEA207,10:30:00,13:30:00,ENSC 121,Computer Aided Drafting,BSCPE 2-2,TBA
Wednesday,CEA207,14:30:00,19:30:00,CMPE 014,Microprocessors,BSEE 3-3,Engr. Racusa
Thursday,CEA302,10:30:00,13:30:00,ENSC 121,Computer Aided Drafting,BSCPE 2-7,TBA
Thursday,CEA302,13:30:00,16:30:00,CMPE 203,Numerical Methods,BSCPE 2-2,Engr. Rodriguez
Thursday,CEA302,18:00:00,21:00:00,ECEN 011,Electronic Circuits,BSCPE 2-5,Engr. Fernando
Thursday,CEA300,8:00:00,11:00:00,CMPE 312,Methods Of Research,BSCPE 3-1,Engr. Dela Cruz
Thursday,CEA300,11:00:00,14:00:00,CMPE 312,Methods Of Research,BSCPE 3-2,Engr. Ado
Thursday,CEA300,14:30:00,16:30:00,CMPE 463,Secure Data Management,BSCPE 4-3,Engr. Dela Cruz
Thursday,CEA300,18:00:00,21:00:00,CMPE 312,Methods Of Research,BSCPE 1-1P,Engr. Lorico
Thursday,CEA316,11:30:00,13:30:00,CMPE 308,CPE Laws,BSCPE 3-1,Engr. Casuat
Thursday,CEA316,13:30:00,16:30:00,ECEN 011,Electronic Circuits,BSCPE 2-7,Engr. Natividad
Thursday,CEA316,18:00:00,21:00:00,ECEN 011,Electronic Circuits,BSCPE 2-3,Engr. Natividad
Thursday,CEA315,7:30:00,10:30:00,CMPE 103,Object Oriented Programming,BSCPE 1-5,Engr. Avena
Thursday,CEA315,10:30:00,13:30:00,CMPE 103,Object Oriented Programming,BSCPE 1-5,Engr. Avena
Thursday,CEA315,14:30:00,16:30:00,CMPE 361,Enterprise Networking,BSCPE 3-5,Engr. Binuya
Thursday,CEA315,18:00:00,21:00:00,CMPE 361,Enterprise Networking,BSCPE 3-5,Engr. Binuya
Thursday,CEA314,7:30:00,10:30:00,CMPE 307,Basic Occupational Health and Safety,BSCPE 3-2,Engr. Oquindo
Thursday,CEA314,10:30:00,13:30:00,CMPE 309,Feedback and Control Systems,BSCPE 3-3,Engr. Rodriguez
Thursday,CEA314,15:00:00,18:00:00,CMPE 310,Computer Networks,BSCPE 3-4,Engr. Reyes
Thursday,CEA314,18:00:00,21:00:00,CMPE 409,Embedded Systems,BSCPE 4-4,Engr. Malbog
Thursday,CEA313,7:30:00,10:30:00,CMPE 011,Computer Programming,BSCE 1-1,Engr. Racusa
Thursday,CEA313,10:30:00,13:30:00,CMPE 011,Computer Programming,BSCE 1-2,Engr. Racusa
Thursday,CEA313,15:00:00,18:00:00,CMPE 311,Microprocessors,BSCPE 3-6,Engr. Marasigan
Thursday,CEA313,18:00:00,21:00:00,ENSC 411,Technopreneurship 101,BSCPE 3-4,Engr. Reyes
Thursday,CEA312,7:30:00,10:30:00,CMPE 202,Operating Systems,BSCPE 2-4,Engr. Pajabera
Thursday,CEA312,11:00:00,14:00:00,CMPE 406,Software Design,BSCPE 4-4,Engr. Lorico
Thursday,CEA312,14:00:00,17:00:00,CMPE 406,Software Design,BSCPE 4-4,Engr. Lorico
Thursday,CEA312,18:00:00,21:00:00,CMPE 309,Feedback and Control Systems,BSCPE 3-7,Engr. Dela Cruz
Thursday,CEA311,7:30:00,10:30:00,CMPE 311,Microprocessors,BSCPE 3-3,Engr. Mahaguay
Thursday,CEA311,10:30:00,13:30:00,CMPE 311,Microprocessors,BSCPE 3-4,Engr. Mahaguay
Thursday,CEA311,13:30:00,16:30:00,CMPE 011,Computer Programming,BSCE 1-3,Engr. Nicolas
Thursday,CEA311,18:00:00,21:00:00,CMPE 012,Computer Programming,BSEE 1-4,Engr. Bautista
Thursday,CEA310,10:30:00,13:30:00,ENSC 121,Computer Aided Drafting,BSCPE 2-4,TBA
Thursday,CEA310,14:30:00,19:30:00,CMPE 014,Microprocessors,BSEE 3-1,Engr. Racusa
Thursday,CEA413,10:30:00,13:30:00,ENSC 121,Computer Aided Drafting,BSCPE 2-4,TBA
Thursday,CEA413,14:30:00,16:30:00,CMPE 308,CPE Laws,BSCPE 3-7,Engr. Tena
Thursday,CEA413,18:00:00,21:00:00,CMPE 311,Microprocessors,BSCPE 3-6,Engr. Marasigan
Friday,CEA300,7:30:00,10:30:00,CMPE 310,Computer Networks,BSCPE 3-1,Engr. Binuya
Friday,CEA300,10:30:00,13:30:00,ENSC 411,Technopreneurship 101,BSCPE 3-1,Engr. Reyes
Friday,CEA300,14:30:00,16:30:00,CMPE 463,Secure Data Management,BSCPE 4-2,Engr. Dela Cruz
Friday,CEA300,18:00:00,21:00:00,CMPE 463,Secure Data Management,BSCPE 4-2,Engr. Casuat
Friday,CEA316,10:30:00,13:00:00,CMPE 364,Trends In Software Devt,BSCPE 4-6,Engr. Casuat
Friday,CEA316,15:00:00,18:00:00,CMPE 409,Embedded Systems,BSCPE 4-1,Engr. Marasigan
Friday,CEA316,18:00:00,21:00:00,CMPE 409,Embedded Systems,BSCPE 4-6,Engr. Malbog
Friday,CEA315,7:30:00,10:30:00,CMPE 310,Computer Networks,BSCPE 3-3,Engr. Pajabera
Friday,CEA315,10:30:00,13:30:00,CMPE 409,Embedded Systems,BSCPE 4-5,Engr. Racusa
Friday,CEA315,14:30:00,16:30:00,CMPE 461,Cloud Computing,BSCPE 4-4,Engr. Pajabera
Friday,CEA315,18:00:00,21:00:00,CMPE 461,Cloud Computing,BSCPE 4-4,Engr. Pajabera
Friday,CEA314,7:30:00,10:30:00,CMPE 104,Discrete Math,BSCPE 1-5,Engr. Lacatan
Friday,CEA314,10:30:00,13:30:00,CMPE 406,Software Design,BSCPE 4-1,Engr. Tena
Friday,CEA314,15:00:00,18:00:00,CMPE 406,Software Design,BSCPE 4-6,Engr. Lorico
Friday,CEA314,18:00:00,21:00:00,CMPE 309,Feedback and Control Systems,BSCPE 3-6,Engr. Dela Cruz
Friday,CEA313,7:30:00,10:30:00,CMPE 011,Computer Programming,BSCE 1-6,Engr. Rodriguez
Friday,CEA313,10:30:00,13:30:00,CMPE 409,Embedded Systems,BSCPE 4-2,Engr. Marasigan
Friday,CEA313,15:00:00,18:00:00,CMPE 310,Computer Networks,BSCPE 3-2,Engr. Reyes
Friday,CEA313,18:00:00,21:00:00,CMPE 310,Computer Networks,BSCPE 3-2,Engr. Reyes
Friday,CEA312,11:00:00,14:00:00,CMPE 406,Software Design,BSCPE 4-3,Engr. Lorico
Friday,CEA312,15:00:00,18:00:00,CMPE 406,Software Design,BSCPE 4-5,Engr. Tena
Friday,CEA312,18:00:00,21:00:00,CMPE 104,Discrete Math,BSCPE 1-4,Engr. Ello
Friday,CEA311,7:30:00,10:30:00,CMPE 202,Operating Systems,BSCPE 2-1,Engr. Tenerife
Friday,CEA311,10:30:00,13:30:00,CMPE 011,Computer Programming,BSCE 1-5,Engr. Bautista
Friday,CEA311,13:30:00,16:30:00,CMPE 011,Computer Programming,BSCE 1-7,Engr. Avila
Friday,CEA311,18:00:00,21:00:00,CMPE 012,Computer Programming,BSEE 1-3,Engr. Lorico
Friday,CEA310,8:30:00,13:30:00,CMPE 014,Microprocessors,BSEE 3-3,Engr. Nicolas
Friday,CEA310,13:30:00,15:00:00,GEED 002,Philippine History,BSCPE 2-6,TBA
Friday,CEA310,15:00:00,18:00:00,CMPE 409,Embedded Systems,BSCPE 4-3,Engr. Racusa
Friday,CEA310,18:00:00,21:00:00,CMPE 409,Embedded Systems,BSCPE 4-3,Engr. Racusa
Friday,CEA413,11:30:00,13:30:00,CMPE 308,CPE Laws,BSCPE 3-3,Engr. Nudalo
Friday,CEA413,14:30:00,16:30:00,CMPE 308,CPE Laws,BSCPE 3-6,Engr. Nicolas
Friday,CEA413,18:00:00,21:00:00,MATH 103,Calculus 2,BSCPE 1-6,TBA
Saturday,CEA302,7:30:00,10:30:00,CMPE 204,Advanced Math,BSCPE 2-2,Engr. Ello
Saturday,CEA302,10:30:00,13:30:00,CMPE 204,Advanced Math,BSCPE 2-6,Engr. Ello
Saturday,CEA302,14:00:00,17:00:00,ECEN 011,Electronic Circuits,BSCPE 2-4,Engr. Fernando
Saturday,CEA302,17:00:00,20:00:00,ECEN 011,Electronic Circuits,BSCPE 2-4,Engr. Fernando
Saturday,CEA300,7:30:00,10:30:00,CMPE 307,Basic Occupational Health and Safety,BSCPE 3-6,Engr. Oquindo
Saturday,CEA300,10:30:00,13:30:00,CMPE 307,Basic Occupational Health and Safety,BSCPE 3-7,Engr. Oquindo
Saturday,CEA300,15:00:00,18:00:00,CMPE 307,Basic Occupational Health and Safety,BSCPE 3-3,Engr. Oquindo
Saturday,CEA300,18:00:00,21:00:00,CMPE 30224,Computer Architecture,BSCOE 4-1P,Engr. Legarda
Saturday,CEA316,7:30:00,10:30:00,CMPE 312,Methods Of Research,BSCPE 3-3,Engr. Casuat
Saturday,CEA316,10:30:00,13:30:00,CMPE 410,Emerging Technologies,BSCPE 4-2,Engr. Legarda
Saturday,CEA316,14:00:00,17:00:00,CMPE 105,Computer Hardware,BSCPE 1-5,Engr. Avila
Saturday,CEA316,18:00:00,21:00:00,CMPE 203,Numerical Methods,BSCPE 2-5,Engr. Rodriguez
Saturday,CEA315,7:30:00,11:30:00,CMPE 103,Object Oriented Programming,BSCPE 1-6,Engr. Sarcillo
Saturday,CEA315,11:30:00,14:30:00,CMPE 310,Computer Networks,BSCPE 3-3,Engr. Pajabera
Saturday,CEA315,15:00:00,18:00:00,CMPE 310,Computer Networks,BSCPE 3-5,Engr. Pajabera
Saturday,CEA315,18:00:00,21:00:00,CMPE 361,Enterprise Networking,BSCPE 3-4,Engr. Pajabera
Saturday,CEA314,7:30:00,10:30:00,CMPE 103,Object Oriented Programming,BSCPE 1-2,Engr. Madrigalejos
Saturday,CEA314,10:30:00,13:30:00,CMPE 103,Object Oriented Programming,BSCPE 1-2,Engr. Madrigalejos
Saturday,CEA314,14:00:00,17:00:00,CMPE 103,Object Oriented Programming,BSCPE 1-4,Engr. Madrigalejos
Saturday,CEA314,17:00:00,20:00:00,CMPE 103,Object Oriented Programming,BSCPE 1-4,Engr. Madrigalejos
Saturday,CEA313,7:30:00,10:30:00,CMPE 103,Object Oriented Programming,BSCPE 1-1,Engr. Cansino
Saturday,CEA313,10:30:00,13:30:00,CMPE 103,Object Oriented Programming,BSCPE 1-1,Engr. Cansino
Saturday,CEA313,14:00:00,17:00:00,CMPE 312,Methods Of Research,BSCPE 3-4,Engr. Tenerife
Saturday,CEA313,17:00:00,20:00:00,CMPE 011,Computer Programming,BSCE 1-4,Engr. Avila
Saturday,CEA312,7:30:00,10:30:00,CMPE 202,Operating Systems,BSCPE 2-6,Engr. Tenerife
Saturday,CEA312,10:30:00,13:30:00,CMPE 202,Operating Systems,BSCPE 2-7,Engr. Tenerife
Saturday,CEA312,13:30:00,16:30:00,CMPE 410,Emerging Technologies,BSCPE 4-3,Engr. Legarda
Saturday,CEA312,16:30:00,21:00:00,CMPE 362,Pattern Recognition,BSCPE 3-1,Engr. Malbog
Saturday,CEA311,7:30:00,10:30:00,CMPE 312,Methods Of Research,BSCPE 3-7,Engr. Mahaguay
Saturday,CEA311,10:30:00,13:30:00,CMPE 30252,CPE Practice and Design 2,BSCOE 4-3P,Engr. Mahaguay
Saturday,CEA311,14:00:00,17:00:00,CMPE 407,CPE Practice and Design 2,BSCPE 4-1,Engr. Mahaguay
Saturday,CEA311,17:00:00,21:00:00,CMPE 103,Object Oriented Programming,BSCPE 1-7,Engr. Sarcillo
Saturday,CEA310,7:30:00,10:30:00,CMPE 203,Numerical Methods,BSCPE 2-7,Engr. Lacatan
Saturday,CEA310,10:30:00,13:30:00,CMPE 312,Methods Of Research,BSCPE 3-6,Engr. Mahaguay
Saturday,CEA310,15:00:00,18:00:00,CMPE 105,Computer Hardware,BSCPE 1-6,Engr. Tancinco
Saturday,CEA310,18:00:00,21:00:00,CMPE 105,Computer Hardware,BSCPE 1-3,Engr. Tancinco
Saturday,CEA413,12:30:00,16:30:00,ECEN 011,Electronic Circuits,BSCPE 2-2,Engr. Sarcillo
Saturday,CEA207,9:00:00,12:00:00,ENSC 121,Computer Aided Drafting,BSCPE 2-3,TBA
Saturday,CEA207,13:30:00,16:30:00,ENSC 121,Computer Aided Drafting,BSCPE 2-5,TBA
Saturday,CEA207,16:30:00,19:30:00,ENSC 121,Computer Aided Drafting,BSCPE 2-1,TBA
